{"cameraMode":{"drawMode":0,"name":"Shaded","section":"Shading Mode"},"sceneLighting":false,"audioPlay":false,"sceneViewState":{"m_AlwaysRefresh":false,"showFog":true,"showSkybox":false,"showFlares":true,"showImageEffects":true,"showParticleSystems":true,"showVisualEffectGraphs":true,"m_FxEnabled":true},"in2DMode":false,"pivot":{"x":0.9731147289276123,"y":2.7189881801605226,"z":0.31244945526123049},"rotation":{"x":0.21163244545459748,"y":0.5091675519943237,"z":-0.13075456023216248,"w":0.8239741921424866},"size":8.638130187988282,"orthographic":false}